{"UUID":"gFCtdArhC79qt0Dh0pRf6V","layoutMainAxisSizing":null,"layoutCrossAxisSizing":null,"name":"SmallForLogin","isVisible":true,"boundaryRectangle":null,"style":null,"prototypeNodeUUID":null,"child":null,"constraints":null,"debug":false,"pngPath":"/usr/src/app/temp-out/pb-tmp-9ec1778e-6630-46e5-8dfa-02d8af941d87/parabeac_showgo/lib/assets/images","pages":[{"UUID":"0:1","layoutMainAxisSizing":null,"layoutCrossAxisSizing":null,"name":"Page 1","isVisible":true,"boundaryRectangle":null,"style":null,"prototypeNodeUUID":null,"child":null,"constraints":null,"convert":true,"screens":[],"pbdlType":"page"}],"miscPages":[],"sharedStyles":[],"globalStyles":{"UUID":"","layoutMainAxisSizing":null,"layoutCrossAxisSizing":null,"name":"","isVisible":false,"boundaryRectangle":null,"style":null,"prototypeNodeUUID":null,"child":null,"constraints":null,"pbdlType":"global_styles","designSystem":"material","colors":[{"UUID":"20:1191","layoutMainAxisSizing":null,"layoutCrossAxisSizing":null,"name":"Carbon Neutral/300","isVisible":false,"boundaryRectangle":null,"style":null,"prototypeNodeUUID":null,"child":null,"constraints":null,"description":"","pbdlType":"global_color","color":{"a":1.0,"r":0.8392156958580017,"g":0.8509804010391235,"b":0.8666666746139526}},{"UUID":"20:1190","layoutMainAxisSizing":null,"layoutCrossAxisSizing":null,"name":"Carbon / Darkest","isVisible":false,"boundaryRectangle":null,"style":null,"prototypeNodeUUID":null,"child":null,"constraints":null,"description":"","pbdlType":"global_color","color":{"a":1.0,"r":0.1411764770746231,"g":0.14901961386203766,"b":0.16862745583057404}},{"UUID":"20:1192","layoutMainAxisSizing":null,"layoutCrossAxisSizing":null,"name":"SystemOrange / Light","isVisible":false,"boundaryRectangle":null,"style":null,"prototypeNodeUUID":null,"child":null,"constraints":null,"description":"","pbdlType":"global_color","color":{"a":1.0,"r":1.0,"g":0.5843137502670288,"b":0.0}},{"UUID":"20:784","layoutMainAxisSizing":null,"layoutCrossAxisSizing":null,"name":"Label Color / Dark / Primary","isVisible":false,"boundaryRectangle":null,"style":null,"prototypeNodeUUID":null,"child":null,"constraints":null,"description":"","pbdlType":"global_color","color":{"a":1.0,"r":1.0,"g":1.0,"b":1.0}},{"UUID":"2:102","layoutMainAxisSizing":null,"layoutCrossAxisSizing":null,"name":"100%白色","isVisible":false,"boundaryRectangle":null,"style":null,"prototypeNodeUUID":null,"child":null,"constraints":null,"description":"","pbdlType":"global_color","color":{"a":1.0,"r":1.0,"g":1.0,"b":1.0}},{"UUID":"11:118","layoutMainAxisSizing":null,"layoutCrossAxisSizing":null,"name":"70%白色","isVisible":false,"boundaryRectangle":null,"style":null,"prototypeNodeUUID":null,"child":null,"constraints":null,"description":"","pbdlType":"global_color","color":{"a":1.0,"r":1.0,"g":1.0,"b":1.0}},{"UUID":"20:1198","layoutMainAxisSizing":null,"layoutCrossAxisSizing":null,"name":"品牌色","isVisible":false,"boundaryRectangle":null,"style":null,"prototypeNodeUUID":null,"child":null,"constraints":null,"description":"","pbdlType":"global_color","color":{"a":1.0,"r":1.0,"g":0.800000011920929,"b":0.2705882489681244}},{"UUID":"2:95","layoutMainAxisSizing":null,"layoutCrossAxisSizing":null,"name":"背景色","isVisible":false,"boundaryRectangle":null,"style":null,"prototypeNodeUUID":null,"child":null,"constraints":null,"description":"","pbdlType":"global_color","color":{"a":1.0,"r":0.04313725605607033,"g":0.03921568766236305,"b":0.062745101749897}},{"UUID":"20:1200","layoutMainAxisSizing":null,"layoutCrossAxisSizing":null,"name":"50%白色","isVisible":false,"boundaryRectangle":null,"style":null,"prototypeNodeUUID":null,"child":null,"constraints":null,"description":"","pbdlType":"global_color","color":{"a":1.0,"r":1.0,"g":1.0,"b":1.0}},{"UUID":"20:1201","layoutMainAxisSizing":null,"layoutCrossAxisSizing":null,"name":"222","isVisible":false,"boundaryRectangle":null,"style":null,"prototypeNodeUUID":null,"child":null,"constraints":null,"description":"","pbdlType":"global_color","color":{"a":1.0,"r":0.13333334028720856,"g":0.13333334028720856,"b":0.13333334028720856}},{"UUID":"20:1194","layoutMainAxisSizing":null,"layoutCrossAxisSizing":null,"name":"按钮/圆形底","isVisible":false,"boundaryRectangle":null,"style":null,"prototypeNodeUUID":null,"child":null,"constraints":null,"description":"","pbdlType":"global_color","color":{"a":1.0,"r":0.08627451211214066,"g":0.0784313753247261,"b":0.10588235408067703}},{"UUID":"20:1189","layoutMainAxisSizing":null,"layoutCrossAxisSizing":null,"name":"90%白色文字","isVisible":false,"boundaryRectangle":null,"style":null,"prototypeNodeUUID":null,"child":null,"constraints":null,"description":"","pbdlType":"global_color","color":{"a":1.0,"r":1.0,"g":1.0,"b":1.0}},{"UUID":"2:97","layoutMainAxisSizing":null,"layoutCrossAxisSizing":null,"name":"女生性别","isVisible":false,"boundaryRectangle":null,"style":null,"prototypeNodeUUID":null,"child":null,"constraints":null,"description":"","pbdlType":"global_color","color":{"a":1.0,"r":0.9215686321258545,"g":0.32549020648002625,"b":0.7647058963775635}},{"UUID":"2:98","layoutMainAxisSizing":null,"layoutCrossAxisSizing":null,"name":"5%白色","isVisible":false,"boundaryRectangle":null,"style":null,"prototypeNodeUUID":null,"child":null,"constraints":null,"description":"","pbdlType":"global_color","color":{"a":1.0,"r":1.0,"g":1.0,"b":1.0}},{"UUID":"20:1202","layoutMainAxisSizing":null,"layoutCrossAxisSizing":null,"name":"男生性别","isVisible":false,"boundaryRectangle":null,"style":null,"prototypeNodeUUID":null,"child":null,"constraints":null,"description":"","pbdlType":"global_color","color":{"a":1.0,"r":0.19607843458652496,"g":0.772549033164978,"b":1.0}},{"UUID":"20:801","layoutMainAxisSizing":null,"layoutCrossAxisSizing":null,"name":"10%白色","isVisible":false,"boundaryRectangle":null,"style":null,"prototypeNodeUUID":null,"child":null,"constraints":null,"description":"","pbdlType":"global_color","color":{"a":1.0,"r":1.0,"g":1.0,"b":1.0}},{"UUID":"20:205","layoutMainAxisSizing":null,"layoutCrossAxisSizing":null,"name":"提醒","isVisible":false,"boundaryRectangle":null,"style":null,"prototypeNodeUUID":null,"child":null,"constraints":null,"description":"","pbdlType":"global_color","color":{"a":1.0,"r":0.9725490212440491,"g":0.26274511218070984,"b":0.3921568691730499}},{"UUID":"11:117","layoutMainAxisSizing":null,"layoutCrossAxisSizing":null,"name":"二级弹框底色","isVisible":false,"boundaryRectangle":null,"style":null,"prototypeNodeUUID":null,"child":null,"constraints":null,"description":"","pbdlType":"global_color","color":{"a":1.0,"r":0.11764705926179886,"g":0.11372549086809158,"b":0.1568627506494522}},{"UUID":"2:100","layoutMainAxisSizing":null,"layoutCrossAxisSizing":null,"name":"品牌色2","isVisible":false,"boundaryRectangle":null,"style":null,"prototypeNodeUUID":null,"child":null,"constraints":null,"description":"","pbdlType":"global_color","color":{"a":1.0,"r":0.0470588244497776,"g":0.8588235378265381,"b":0.7607843279838562}},{"UUID":"2:99","layoutMainAxisSizing":null,"layoutCrossAxisSizing":null,"name":"30%白色","isVisible":false,"boundaryRectangle":null,"style":null,"prototypeNodeUUID":null,"child":null,"constraints":null,"description":"","pbdlType":"global_color","color":{"a":1.0,"r":1.0,"g":1.0,"b":1.0}}],"textStyles":[],"themeColors":[],"themeTextStyles":[]},"pbdlType":"project"}